showTotalSalariiCabinet,2021-04-25 23:55:37.066
showTotalSalariiCabinet,2021-04-25 23:55:37.219
createRecenzie,2021-04-25 23:55:46.054
createRecenzie,2021-04-25 23:55:47.363
showMediciDinCabinetDupaRecenzii,2021-04-25 23:55:47.387
showServiciiCabinet,2021-04-25 23:55:47.395
showTotalSalariiCabinet,2021-04-25 23:57:04.617
showTotalSalariiCabinet,2021-04-25 23:57:04.663
createRecenzie,2021-04-25 23:57:06.279
createRecenzie,2021-04-25 23:57:08.048
showMediciDinCabinetDupaRecenzii,2021-04-25 23:57:08.071
showServiciiCabinet,2021-04-25 23:57:08.078
writeCabinet,2021-04-25 23:59:20.607
writeCabinet,2021-04-25 23:59:20.652
writePacient,2021-04-25 23:59:20.661
writePacient,2021-04-25 23:59:20.664
writeMedic,2021-04-25 23:59:20.667
writeReceptionist,2021-04-25 23:59:20.716
showTotalSalariiCabinet,2021-04-25 23:59:20.762
showTotalSalariiCabinet,2021-04-25 23:59:20.78
createRecenzie,2021-04-25 23:59:23.745
createRecenzie,2021-04-25 23:59:24.431
showMediciDinCabinetDupaRecenzii,2021-04-25 23:59:24.464
showServiciiCabinet,2021-04-25 23:59:24.471
